{"payload":{"installed_packages":["attrs==25.3.0","autocommand==2.2.2","backports.tarfile==1.2.0","certifi==2025.4.26","charset-normalizer==3.4.2","colorama==0.4.6","comet_ml==3.49.9","configobj==5.0.9","contourpy==1.3.2","cycler==0.12.1","dulwich==0.22.8","everett==3.1.0","filelock==3.18.0","fonttools==4.58.0","fsspec==2025.3.2","gitdb==4.0.12","gitpython==3.1.44","idna==3.10","importlib_metadata==8.0.0","inflect==7.3.1","jaraco.collections==5.1.0","jaraco.context==5.3.0","jaraco.functools==4.0.1","jaraco.text==3.12.1","jinja2==3.1.6","jsonschema==4.23.0","jsonschema-specifications==2025.4.1","kiwisolver==1.4.8","markdown-it-py==3.0.0","markupsafe==3.0.2","matplotlib==3.10.3","mdurl==0.1.2","more-itertools==10.3.0","mpmath==1.3.0","networkx==3.4.2","numpy==2.2.5","opencv-python==4.11.0.86","packaging==24.2","packaging==25.0","pandas==2.2.3","pillow==11.2.1","pip==25.0.1","platformdirs==4.2.2","psutil==7.0.0","py-cpuinfo==9.0.0","pygments==2.19.1","pyparsing==3.2.3","python-box==6.1.0","python-dateutil==2.9.0.post0","pytz==2025.2","pyyaml==6.0.2","referencing==0.36.2","requests==2.32.3","requests-toolbelt==1.0.0","rich==14.0.0","rpds-py==0.24.0","scipy==1.15.3","seaborn==0.13.2","semantic-version==2.10.0","sentry-sdk==2.28.0","setuptools==80.4.0","simplejson==3.20.1","six==1.17.0","smmap==5.0.2","sympy==1.14.0","thop==0.1.1-2209072238","tomli==2.0.1","torch==2.7.0","torchvision==0.22.0","tqdm==4.67.1","typeguard==4.3.0","typing_extensions==4.12.2","typing_extensions==4.13.2","tzdata==2025.2","ultralytics==8.3.133","ultralytics-thop==2.0.14","urllib3==2.4.0","wheel==0.45.1","wrapt==1.17.2","wurlitzer==3.1.1","zipp==3.19.2"],"message_id":1},"type":"installed_packages"}
{"payload":{"command":["train.py","--img","416","--batch","16","--epochs","25","--data","../dataset/data.yaml","--weights","yolov5s.pt","--name","canteen"],"env":null,"hostname":"LAPTOP-50C04F89","ip":"192.168.1.6","machine":"AMD64","message_id":2,"os":"Windows-11-10.0.26100-SP0","os_release":"11","os_type":"Windows","pid":17388,"processor":"Intel64 Family 6 Model 154 Stepping 3, GenuineIntel","python_exe":"D:\\UEH\\AI\\AI challenges\\canteen-yolov5\\venv\\Scripts\\python.exe","python_version":"3.13.3","python_version_verbose":"3.13.3 (tags/v3.13.3:6280bb5, Apr  8 2025, 14:47:33) [MSC v.1943 64 bit (AMD64)]","user":"HP"},"type":"system_details"}
{"payload":{"local_timestamp":1747189791175,"message_id":3,"param":{"paramName":"img","paramValue":416,"source":"cli","step":null}},"type":"parameter_msg"}
{"payload":{"local_timestamp":1747189791175,"message_id":4,"param":{"paramName":"batch","paramValue":16,"source":"cli","step":null}},"type":"parameter_msg"}
{"payload":{"local_timestamp":1747189791175,"message_id":5,"param":{"paramName":"epochs","paramValue":25,"source":"cli","step":null}},"type":"parameter_msg"}
{"payload":{"local_timestamp":1747189791175,"message_id":6,"param":{"paramName":"data","paramValue":"../dataset/data.yaml","source":"cli","step":null}},"type":"parameter_msg"}
{"payload":{"local_timestamp":1747189791175,"message_id":7,"param":{"paramName":"weights","paramValue":"yolov5s.pt","source":"cli","step":null}},"type":"parameter_msg"}
{"payload":{"local_timestamp":1747189791175,"message_id":8,"param":{"paramName":"name","paramValue":"canteen","source":"cli","step":null}},"type":"parameter_msg"}
{"payload":{"local_timestamp":1747189791175,"message_id":9,"metric":{"epoch":null,"metricName":"sys.cpu.percent.avg","metricValue":0.0,"step":null}},"type":"metric_msg"}
{"payload":{"local_timestamp":1747189791175,"message_id":10,"metric":{"epoch":null,"metricName":"sys.ram.total","metricValue":16831942656,"step":null}},"type":"metric_msg"}
{"payload":{"local_timestamp":1747189791175,"message_id":11,"metric":{"epoch":null,"metricName":"sys.ram.used","metricValue":12473491456,"step":null}},"type":"metric_msg"}
{"payload":{"local_timestamp":1747189791175,"message_id":12,"metric":{"epoch":null,"metricName":"sys.ram.available","metricValue":4358451200,"step":null}},"type":"metric_msg"}
{"payload":{"local_timestamp":1747189791175,"message_id":13,"metric":{"epoch":null,"metricName":"sys.ram.percent.used","metricValue":74.1,"step":null}},"type":"metric_msg"}
{"payload":{"local_timestamp":1747189791175,"message_id":14,"metric":{"epoch":null,"metricName":"sys.load.avg","metricValue":0.0,"step":null}},"type":"metric_msg"}
{"payload":{"key":"offline_experiment","message_id":15,"value":true},"type":"log_other"}
{"payload":{"key":"Name","message_id":16,"value":"canteen"},"type":"log_other"}
{"payload":{"additional_params":{"assetId":"88566b27e6c44b09842b3699ee8f3457","context":null,"extension":"yaml","fileName":"data.yaml","overwrite":false,"runId":null,"step":null},"clean":true,"file_path":"tmpdg5jlm0n","local_timestamp":1747189791180,"message_id":17,"metadata":{"type":"data-config-file"},"upload_type":"asset"},"type":"file_upload"}
{"payload":{"local_timestamp":1747189791189,"message_id":18,"output":"\nDataset not found , missing paths ['D:\\\\UEH\\\\AI\\\\AI challenges\\\\canteen-yolov5\\\\yolov5\\\\valid\\\\images']\n","stderr":true},"type":"standard_output"}
{"payload":{"local_timestamp":1747189791191,"message_id":19,"output":"Traceback (most recent call last):\n","stderr":true},"type":"standard_output"}
{"payload":{"local_timestamp":1747189791192,"message_id":20,"output":"  File \u001b[35m\"D:\\UEH\\AI\\AI challenges\\canteen-yolov5\\yolov5\\train.py\"\u001b[0m, line \u001b[35m987\u001b[0m, in \u001b[35m<module>\u001b[0m\n    \u001b[31mmain\u001b[0m\u001b[1;31m(opt)\u001b[0m\n    \u001b[31m~~~~\u001b[0m\u001b[1;31m^^^^^\u001b[0m\n","stderr":true},"type":"standard_output"}
{"payload":{"local_timestamp":1747189791192,"message_id":21,"output":"  File \u001b[35m\"D:\\UEH\\AI\\AI challenges\\canteen-yolov5\\yolov5\\train.py\"\u001b[0m, line \u001b[35m689\u001b[0m, in \u001b[35mmain\u001b[0m\n    \u001b[31mtrain\u001b[0m\u001b[1;31m(opt.hyp, opt, device, callbacks)\u001b[0m\n    \u001b[31m~~~~~\u001b[0m\u001b[1;31m^^^^^^^^^^^^^^^^^^^^^^^^^^^^^^^^^\u001b[0m\n","stderr":true},"type":"standard_output"}
{"payload":{"local_timestamp":1747189791193,"message_id":22,"output":"  File \u001b[35m\"D:\\UEH\\AI\\AI challenges\\canteen-yolov5\\yolov5\\train.py\"\u001b[0m, line \u001b[35m181\u001b[0m, in \u001b[35mtrain\u001b[0m\n    loggers = Loggers(\n        save_dir=save_dir,\n    ...<4 lines>...\n        include=tuple(include_loggers),\n    )\n","stderr":true},"type":"standard_output"}
{"payload":{"local_timestamp":1747189791193,"message_id":23,"output":"  File \u001b[35m\"D:\\UEH\\AI\\AI challenges\\canteen-yolov5\\yolov5\\utils\\loggers\\__init__.py\"\u001b[0m, line \u001b[35m154\u001b[0m, in \u001b[35m__init__\u001b[0m\n    self.comet_logger = \u001b[31mCometLogger\u001b[0m\u001b[1;31m(self.opt, self.hyp)\u001b[0m\n                        \u001b[31m~~~~~~~~~~~\u001b[0m\u001b[1;31m^^^^^^^^^^^^^^^^^^^^\u001b[0m\n","stderr":true},"type":"standard_output"}
{"payload":{"local_timestamp":1747189791193,"message_id":24,"output":"  File \u001b[35m\"D:\\UEH\\AI\\AI challenges\\canteen-yolov5\\yolov5\\utils\\loggers\\comet\\__init__.py\"\u001b[0m, line \u001b[35m100\u001b[0m, in \u001b[35m__init__\u001b[0m\n    self.data_dict = \u001b[31mself.check_dataset\u001b[0m\u001b[1;31m(self.opt.data)\u001b[0m\n                     \u001b[31m~~~~~~~~~~~~~~~~~~\u001b[0m\u001b[1;31m^^^^^^^^^^^^^^^\u001b[0m\n","stderr":true},"type":"standard_output"}
{"payload":{"local_timestamp":1747189791193,"message_id":25,"output":"  File \u001b[35m\"D:\\UEH\\AI\\AI challenges\\canteen-yolov5\\yolov5\\utils\\loggers\\comet\\__init__.py\"\u001b[0m, line \u001b[35m258\u001b[0m, in \u001b[35mcheck_dataset\u001b[0m\n    return check_dataset(data_file)\n","stderr":true},"type":"standard_output"}
{"payload":{"local_timestamp":1747189791194,"message_id":26,"output":"  File \u001b[35m\"D:\\UEH\\AI\\AI challenges\\canteen-yolov5\\yolov5\\utils\\general.py\"\u001b[0m, line \u001b[35m565\u001b[0m, in \u001b[35mcheck_dataset\u001b[0m\n    raise Exception(\"Dataset not found \u274c\")\n","stderr":true},"type":"standard_output"}
{"payload":{"local_timestamp":1747189791195,"message_id":27,"output":"\u001b[1;35mException\u001b[0m: \u001b[35mDataset not found \u274c\u001b[0m\n","stderr":true},"type":"standard_output"}
{"payload":{"local_timestamp":1747189791195,"message_id":28,"output":"\u001b[1;38;5;39mCOMET INFO:\u001b[0m The process of logging environment details (conda environment, git patch) is underway. Please be patient as this may take some time.\n","stderr":true},"type":"standard_output"}
{"payload":{"git_metadata":{"branch":"refs/heads/master","origin":"https://github.com/ultralytics/yolov5","parent":"a493afe1486639b6f542c69716d131bd103ceeef","repo_name":"yolov5","root":"1e84a23f38fad9e52b59101e9f1246d93066ed1e","status":null,"user":null},"message_id":29},"type":"git_metadata"}
{"payload":{"local_timestamp":1747189791818,"message_id":30,"output":"\u001b[1;38;5;39mCOMET INFO:\u001b[0m ---------------------------------------------------------------------------------------\n","stderr":true},"type":"standard_output"}
{"payload":{"local_timestamp":1747189791819,"message_id":31,"output":"\u001b[1;38;5;39mCOMET INFO:\u001b[0m Comet.ml OfflineExperiment Summary\n","stderr":true},"type":"standard_output"}
{"payload":{"local_timestamp":1747189791820,"message_id":32,"output":"\u001b[1;38;5;39mCOMET INFO:\u001b[0m ---------------------------------------------------------------------------------------\n","stderr":true},"type":"standard_output"}
{"payload":{"local_timestamp":1747189791820,"message_id":33,"output":"\u001b[1;38;5;39mCOMET INFO:\u001b[0m   Data:\n","stderr":true},"type":"standard_output"}
{"payload":{"local_timestamp":1747189791821,"message_id":34,"output":"\u001b[1;38;5;39mCOMET INFO:\u001b[0m     display_summary_level : 1\n","stderr":true},"type":"standard_output"}
{"payload":{"local_timestamp":1747189791821,"message_id":35,"output":"\u001b[1;38;5;39mCOMET INFO:\u001b[0m     name                  : canteen\n","stderr":true},"type":"standard_output"}
{"payload":{"local_timestamp":1747189791822,"message_id":36,"output":"\u001b[1;38;5;39mCOMET INFO:\u001b[0m     url                   : [OfflineExperiment will get URL after upload]\n","stderr":true},"type":"standard_output"}
{"payload":{"local_timestamp":1747189791823,"message_id":37,"output":"\u001b[1;38;5;39mCOMET INFO:\u001b[0m   Others:\n","stderr":true},"type":"standard_output"}
{"payload":{"local_timestamp":1747189791823,"message_id":38,"output":"\u001b[1;38;5;39mCOMET INFO:\u001b[0m     Name               : canteen\n","stderr":true},"type":"standard_output"}
{"payload":{"local_timestamp":1747189791824,"message_id":39,"output":"\u001b[1;38;5;39mCOMET INFO:\u001b[0m     offline_experiment : True\n","stderr":true},"type":"standard_output"}
{"payload":{"local_timestamp":1747189791824,"message_id":40,"output":"\u001b[1;38;5;39mCOMET INFO:\u001b[0m   Uploads:\n","stderr":true},"type":"standard_output"}
{"payload":{"local_timestamp":1747189791825,"message_id":41,"output":"\u001b[1;38;5;39mCOMET INFO:\u001b[0m     asset               : 1 (1.02 KB)\n","stderr":true},"type":"standard_output"}
{"payload":{"local_timestamp":1747189791826,"message_id":42,"output":"\u001b[1;38;5;39mCOMET INFO:\u001b[0m     environment details : 1\n","stderr":true},"type":"standard_output"}
{"payload":{"local_timestamp":1747189791827,"message_id":43,"output":"\u001b[1;38;5;39mCOMET INFO:\u001b[0m     git metadata        : 1\n","stderr":true},"type":"standard_output"}
{"payload":{"local_timestamp":1747189791827,"message_id":44,"output":"\u001b[1;38;5;39mCOMET INFO:\u001b[0m     installed packages  : 1\n","stderr":true},"type":"standard_output"}
{"payload":{"local_timestamp":1747189791828,"message_id":45,"output":"\u001b[1;38;5;39mCOMET INFO:\u001b[0m \n","stderr":true},"type":"standard_output"}
{"payload":{"local_timestamp":1747189791828,"message_id":46,"metric":{"epoch":null,"metricName":"process duration","metricValue":5,"step":null}},"type":"metric_msg"}
